Workbook
Name A_2: Berekening!$E$31
Name D_3: Berekening!$E$37
Name D_4: Berekening!$E$36
Name delta: Berekening!$B$42
Name HSL: Berekening!$B$41
Name kleine_d_2: Berekening!$L$31
Name LSL: Berekening!$B$40
Name R_streep: Berekening!$L$26
Name RR: Berekening!$K$26
Name sigma: Berekening!$L$32
Name X_streep_streep: Berekening!$H$26

Sheet Berekening
A1: n = steekproefgrootte = 5
B2: Verdeling van individuele metingen, kan ook niet normaal zijn | H2: Verdeling van steekproefgemiddelde = normale verdeling (centrale limietstelling)
B3: meting in de steekproef ----------------------------->
A4: nummer steekproef | B4: x1 | C4: x2 | D4: x3 | E4: x4 | F4: x5 | H4: X streep | J4: min | K4: max | L4: Range = max - min | M4: Range gebruiken we bij continue variabelen met kleine steekproefgroottes < 10
A5: 1 | B5: 15.8 | C5: 16.3 | D5: 16.2 | E5: 16.1 | F5: 16.6 | H5: =AVERAGE(B5:F5) -> 16.2 | J5: =MIN(B5:F5) -> 15.8 | K5: =MAX(B5:F5) -> 16.6 | L5: =K5-J5 -> 0.8 | M5: Range is een uitdrukking van de spreiding die we observeren in de steekproef
A6: 2 | B6: 16.3 | C6: 15.9 | D6: 15.9 | E6: 16.2 | F6: 16.4 | H6: =AVERAGE(B6:F6) -> 16.14 | J6: =MIN(B6:F6) -> 15.9 | K6: =MAX(B6:F6) -> 16.4 | L6: =K6-J6 -> 0.5
A7: 3 | B7: 16.1 | C7: 16.2 | D7: 16.5 | E7: 16.4 | F7: 16.3 | H7: =AVERAGE(B7:F7) -> 16.3 | J7: =MIN(B7:F7) -> 16.1 | K7: =MAX(B7:F7) -> 16.5 | L7: =K7-J7 -> 0.4
A8: 4 | B8: 16.3 | C8: 16.2 | D8: 15.9 | E8: 16.5 | F8: 16 | H8: =AVERAGE(B8:F8) -> 16.18 | J8: =MIN(B8:F8) -> 15.9 | K8: =MAX(B8:F8) -> 16.5 | L8: =K8-J8 -> 0.6
A9: 5 | B9: 16.1 | C9: 16.1 | D9: 16.4 | E9: 16.6 | F9: 16.4 | H9: =AVERAGE(B9:F9) -> 16.32 | J9: =MIN(B9:F9) -> 16.1 | K9: =MAX(B9:F9) -> 16.6 | L9: =K9-J9 -> 0.5
A10: 6 | B10: 16.1 | C10: 15.8 | D10: 16.7 | E10: 16.1 | F10: 16.5 | H10: =AVERAGE(B10:F10) -> 16.24 | J10: =MIN(B10:F10) -> 15.8 | K10: =MAX(B10:F10) -> 16.7 | L10: =K10-J10 -> 0.9
A11: 7 | B11: 16.2 | C11: 16.3 | D11: 16.5 | E11: 16.1 | F11: 16.3 | H11: =AVERAGE(B11:F11) -> 16.28 | J11: =MIN(B11:F11) -> 16.1 | K11: =MAX(B11:F11) -> 16.5 | L11: =K11-J11 -> 0.4
A12: 8 | B12: 16.3 | C12: 16.1 | D12: 16.2 | E12: 16.3 | F12: 16.5 | H12: =AVERAGE(B12:F12) -> 16.28 | J12: =MIN(B12:F12) -> 16.1 | K12: =MAX(B12:F12) -> 16.5 | L12: =K12-J12 -> 0.4
A13: 9 | B13: 16.6 | C13: 16.2 | D13: 16.4 | E13: 16.1 | F13: 16.5 | H13: =AVERAGE(B13:F13) -> 16.36 | J13: =MIN(B13:F13) -> 16.1 | K13: =MAX(B13:F13) -> 16.6 | L13: =K13-J13 -> 0.5
A14: 10 | B14: 16.2 | C14: 16.3 | D14: 16.4 | E14: 16.3 | F14: 16.4 | H14: =AVERAGE(B14:F14) -> 16.32 | J14: =MIN(B14:F14) -> 16.2 | K14: =MAX(B14:F14) -> 16.4 | L14: =K14-J14 -> 0.2
A15: 11 | B15: 15.9 | C15: 16.4 | D15: 15.9 | E15: 16.2 | F15: 16.5 | H15: =AVERAGE(B15:F15) -> 16.18 | J15: =MIN(B15:F15) -> 15.9 | K15: =MAX(B15:F15) -> 16.5 | L15: =K15-J15 -> 0.6
A16: 12 | B16: 16.4 | C16: 16.6 | D16: 16.7 | E16: 16.4 | F16: 16.1 | H16: =AVERAGE(B16:F16) -> 16.44 | J16: =MIN(B16:F16) -> 16.1 | K16: =MAX(B16:F16) -> 16.7 | L16: =K16-J16 -> 0.6
A17: 13 | B17: 16.5 | C17: 16.1 | D17: 16.6 | E17: 16.3 | F17: 16.4 | H17: =AVERAGE(B17:F17) -> 16.38 | J17: =MIN(B17:F17) -> 16.1 | K17: =MAX(B17:F17) -> 16.6 | L17: =K17-J17 -> 0.5
... A24: 20 | B24: 16.4 | C24: 16.4 | D24: 16.5 | E24: 16 | F24: 15.8 | H24: =AVERAGE(B24:F24) -> 16.22 | J24: =MIN(B24:F24) -> 15.8 | K24: =MAX(B24:F24) -> 16.5 | L24: =K24-J24 -> 0.7
A26: Voice of process | C26: Stdev van alle metingen: | F26: =STDEV(B5:F24) -> 0.20212008 | G26: X dubbel streep | H26: =AVERAGE(H5:H24) -> 16.266 | K26: R streep | L26: =AVERAGE(L5:L24) -> 0.48 | M26: = gemiddelde van alle steekproefranges
C27: Gemiddelde van alle metingen: | F27: =AVERAGE(B5:F24) -> 16.266 | G27: = gemiddelde van alle steekproefgemiddelden | M27: = maat voor spreiding bij kleine steekproefgroottes
A29: Xbar | B29: (gemiddelde kaart)
A30: CL | B30: =X_streep_streep -> 16.266 | D30: steekproefgrootte = 5 | G30: X_streep_streep | K30: sigma | L30: =Rbar/d2 | M30: (of R streep/d2) | N30: of sigma individuele metingen = sigma gemiddelden * vierkantwortel (steekproefgrootte n)
A31: UCL | B31: =X_streep_streep+A_2*R_streep -> 16.54296 | D31: A2 | E31: 0.577 | G31: UCL = X_streep_streep + A_2 * R_streep | K31: d2 | L31: 2.326 | M31: voor steekproefgrootte = 5 | O31: sigma gemiddelden | R31: =STDEV(H5:H24) -> 0.07570024 | S31: (kolom H of steekproefgemiddelden) | W31: =R31*SQRT(5) -> 0.16927088
A32: LCL | B32: =X_streep_streep-A_2*R_streep -> 15.98904 | G32: LCL = X_streep_streep - A_2 * R_streep | K32: sigma | L32: =R_streep/kleine_d_2 -> 0.20636285 | M32: (schatting) | O32: sigma individuele metingen | W32: =R31*(5)^1/2 -> 0.1892506 | X32: (andere berekening, correcter, via Excel stdev formule)
K33: 6 sigma | L33: =sigma*6 -> 1.2381771
A34: R | B34: (spreidingskaart) | N34: https://stats.libretexts.org/Bookshelves/Introductory_Statistics/Book%3A_Introductory_Statistics_(Lane)/9%3A_Sampling_Distributions/9.5%3A_Sampling_Distribution_of_the_Mean
A35: CL | B35: =R_streep -> 0.48 | D35: steekproefgrootte = 5 | G35: R streep
A36: UCL | B36: =D_4*R_streep -> 1.0152 | D36: D4 | E36: 2.115 | G36: UCL = D_4 * R_streep
A37: LCL | B37: =R_streep*D_3 -> 0 | D37: D3 | E37: 0 | G37: LCL = 0
A39: Voice of customer | D39: Cpk berekening
A40: Specs L | B40: 15.7 | D40: =(X_streep_streep-LSL)/(3*sigma) -> 0.91424722
A41: Specs H | B41: 16.7 | D41: =(HSL-X_streep_streep)/(3*sigma) -> 0.70103056
A42: delta Specs | B42: =HSL-LSL -> 1
A44: Cp | B44: =delta/(6*sigma) -> 0.80763889 | G44: Cp = delta Specs / 6 * sigma | K44: Cp: 1,33 = acceptable, 1,66 = good | M44: So: process not capable
A45: Cpk | B45: =MIN(D40:D41) -> 0.70103056 | G45: Cpk = min (Cpk L berekening & Cpk H berekening) | K45: Cpk: 1,33 = good
A50: Controlekaarten | B50: of regelkaarten | D50: Constanten zo opgesteld dat regelgrenzen +/- 3 sigma zijn | H50: <----> | J50: Alle waarden uitgezet versus USL / LSL, USL en LSL mag niet op controlekaarten gezet worden !
J51: Goede praktijk: bekijk steeds volledige populatie versus specificatie limieten (wat de externe/interne klant vraagt, klant kent immers steekproeven/steekproefgrootte niet)

Sheet Grafieken
A2: nr | B2: Xstreep | C2: CL | E2: UCL | F2: LCL | G2: USL | H2: LSL | I2: USL corr | J2: LSL corr | L2: nr | M2: Rstreep | N2: CL | O2: UCL | P2: LCL
A3: =Berekening!A5 -> 1 | B3: =Berekening!H5 -> 16.2 | C3: =Berekening!$B$30 -> 16.266 | E3: =Berekening!$B$31 -> 16.54296 | F3: =Berekening!$B$32 -> 15.98904 | G3: 16.7 | H3: 15.7 | I3: =H3+(G3-H3)/2+(G3-H3)/2/SQRT(5) -> 16.423607 | J3: =H3+(G3-H3)/2-(G3-H3)/2/SQRT(5) -> 15.976393 | L3: =A3 -> 1 | M3: =Berekening!L5 -> 0.8 | N3: =Berekening!$B$35 -> 0.48 | O3: =Berekening!$B$36 -> 1.0152 | P3: =Berekening!$B$37 -> 0
A4: =Berekening!A6 -> 2 | B4: =Berekening!H6 -> 16.14 | C4: =Berekening!$B$30 -> 16.266 | E4: =Berekening!$B$31 -> 16.54296 | F4: =Berekening!$B$32 -> 15.98904 | G4: 16.7 | H4: 15.7 | I4: =H4+(G4-H4)/2+(G4-H4)/2/SQRT(5) -> 16.423607 | J4: =H4+(G4-H4)/2-(G4-H4)/2/SQRT(5) -> 15.976393 | L4: =A4 -> 2 | M4: =Berekening!L6 -> 0.5 | N4: =Berekening!$B$35 -> 0.48 | O4: =Berekening!$B$36 -> 1.0152 | P4: =Berekening!$B$37 -> 0
A5: =Berekening!A7 -> 3 | B5: =Berekening!H7 -> 16.3 | C5: =Berekening!$B$30 -> 16.266 | E5: =Berekening!$B$31 -> 16.54296 | F5: =Berekening!$B$32 -> 15.98904 | G5: 16.7 | H5: 15.7 | I5: =H5+(G5-H5)/2+(G5-H5)/2/SQRT(5) -> 16.423607 | J5: =H5+(G5-H5)/2-(G5-H5)/2/SQRT(5) -> 15.976393 | L5: =A5 -> 3 | M5: =Berekening!L7 -> 0.4 | N5: =Berekening!$B$35 -> 0.48 | O5: =Berekening!$B$36 -> 1.0152 | P5: =Berekening!$B$37 -> 0
A6: =Berekening!A8 -> 4 | B6: =Berekening!H8 -> 16.18 | C6: =Berekening!$B$30 -> 16.266 | E6: =Berekening!$B$31 -> 16.54296 | F6: =Berekening!$B$32 -> 15.98904 | G6: 16.7 | H6: 15.7 | I6: =H6+(G6-H6)/2+(G6-H6)/2/SQRT(5) -> 16.423607 | J6: =H6+(G6-H6)/2-(G6-H6)/2/SQRT(5) -> 15.976393 | L6: =A6 -> 4 | M6: =Berekening!L8 -> 0.6 | N6: =Berekening!$B$35 -> 0.48 | O6: =Berekening!$B$36 -> 1.0152 | P6: =Berekening!$B$37 -> 0
A7: =Berekening!A9 -> 5 | B7: =Berekening!H9 -> 16.32 | C7: =Berekening!$B$30 -> 16.266 | E7: =Berekening!$B$31 -> 16.54296 | F7: =Berekening!$B$32 -> 15.98904 | G7: 16.7 | H7: 15.7 | I7: =H7+(G7-H7)/2+(G7-H7)/2/SQRT(5) -> 16.423607 | J7: =H7+(G7-H7)/2-(G7-H7)/2/SQRT(5) -> 15.976393 | L7: =A7 -> 5 | M7: =Berekening!L9 -> 0.5 | N7: =Berekening!$B$35 -> 0.48 | O7: =Berekening!$B$36 -> 1.0152 | P7: =Berekening!$B$37 -> 0
A8: =Berekening!A10 -> 6 | B8: =Berekening!H10 -> 16.24 | C8: =Berekening!$B$30 -> 16.266 | E8: =Berekening!$B$31 -> 16.54296 | F8: =Berekening!$B$32 -> 15.98904 | G8: 16.7 | H8: 15.7 | I8: =H8+(G8-H8)/2+(G8-H8)/2/SQRT(5) -> 16.423607 | J8: =H8+(G8-H8)/2-(G8-H8)/2/SQRT(5) -> 15.976393 | L8: =A8 -> 6 | M8: =Berekening!L10 -> 0.9 | N8: =Berekening!$B$35 -> 0.48 | O8: =Berekening!$B$36 -> 1.0152 | P8: =Berekening!$B$37 -> 0
A9: =Berekening!A11 -> 7 | B9: =Berekening!H11 -> 16.28 | C9: =Berekening!$B$30 -> 16.266 | E9: =Berekening!$B$31 -> 16.54296 | F9: =Berekening!$B$32 -> 15.98904 | G9: 16.7 | H9: 15.7 | I9: =H9+(G9-H9)/2+(G9-H9)/2/SQRT(5) -> 16.423607 | J9: =H9+(G9-H9)/2-(G9-H9)/2/SQRT(5) -> 15.976393 | L9: =A9 -> 7 | M9: =Berekening!L11 -> 0.4 | N9: =Berekening!$B$35 -> 0.48 | O9: =Berekening!$B$36 -> 1.0152 | P9: =Berekening!$B$37 -> 0
A10: =Berekening!A12 -> 8 | B10: =Berekening!H12 -> 16.28 | C10: =Berekening!$B$30 -> 16.266 | E10: =Berekening!$B$31 -> 16.54296 | F10: =Berekening!$B$32 -> 15.98904 | G10: 16.7 | H10: 15.7 | I10: =H10+(G10-H10)/2+(G10-H10)/2/SQRT(5) -> 16.423607 | J10: =H10+(G10-H10)/2-(G10-H10)/2/SQRT(5) -> 15.976393 | L10: =A10 -> 8 | M10: =Berekening!L12 -> 0.4 | N10: =Berekening!$B$35 -> 0.48 | O10: =Berekening!$B$36 -> 1.0152 | P10: =Berekening!$B$37 -> 0
A11: =Berekening!A13 -> 9 | B11: =Berekening!H13 -> 16.36 | C11: =Berekening!$B$30 -> 16.266 | E11: =Berekening!$B$31 -> 16.54296 | F11: =Berekening!$B$32 -> 15.98904 | G11: 16.7 | H11: 15.7 | I11: =H11+(G11-H11)/2+(G11-H11)/2/SQRT(5) -> 16.423607 | J11: =H11+(G11-H11)/2-(G11-H11)/2/SQRT(5) -> 15.976393 | L11: =A11 -> 9 | M11: =Berekening!L13 -> 0.5 | N11: =Berekening!$B$35 -> 0.48 | O11: =Berekening!$B$36 -> 1.0152 | P11: =Berekening!$B$37 -> 0
A12: =Berekening!A14 -> 10 | B12: =Berekening!H14 -> 16.32 | C12: =Berekening!$B$30 -> 16.266 | E12: =Berekening!$B$31 -> 16.54296 | F12: =Berekening!$B$32 -> 15.98904 | G12: 16.7 | H12: 15.7 | I12: =H12+(G12-H12)/2+(G12-H12)/2/SQRT(5) -> 16.423607 | J12: =H12+(G12-H12)/2-(G12-H12)/2/SQRT(5) -> 15.976393 | L12: =A12 -> 10 | M12: =Berekening!L14 -> 0.2 | N12: =Berekening!$B$35 -> 0.48 | O12: =Berekening!$B$36 -> 1.0152 | P12: =Berekening!$B$37 -> 0
A13: =Berekening!A15 -> 11 | B13: =Berekening!H15 -> 16.18 | C13: =Berekening!$B$30 -> 16.266 | E13: =Berekening!$B$31 -> 16.54296 | F13: =Berekening!$B$32 -> 15.98904 | G13: 16.7 | H13: 15.7 | I13: =H13+(G13-H13)/2+(G13-H13)/2/SQRT(5) -> 16.423607 | J13: =H13+(G13-H13)/2-(G13-H13)/2/SQRT(5) -> 15.976393 | L13: =A13 -> 11 | M13: =Berekening!L15 -> 0.6 | N13: =Berekening!$B$35 -> 0.48 | O13: =Berekening!$B$36 -> 1.0152 | P13: =Berekening!$B$37 -> 0
A14: =Berekening!A16 -> 12 | B14: =Berekening!H16 -> 16.44 | C14: =Berekening!$B$30 -> 16.266 | E14: =Berekening!$B$31 -> 16.54296 | F14: =Berekening!$B$32 -> 15.98904 | G14: 16.7 | H14: 15.7 | I14: =H14+(G14-H14)/2+(G14-H14)/2/SQRT(5) -> 16.423607 | J14: =H14+(G14-H14)/2-(G14-H14)/2/SQRT(5) -> 15.976393 | L14: =A14 -> 12 | M14: =Berekening!L16 -> 0.6 | N14: =Berekening!$B$35 -> 0.48 | O14: =Berekening!$B$36 -> 1.0152 | P14: =Berekening!$B$37 -> 0
... A22: =Berekening!A24 -> 20 | B22: =Berekening!H24 -> 16.22 | C22: =Berekening!$B$30 -> 16.266 | E22: =Berekening!$B$31 -> 16.54296 | F22: =Berekening!$B$32 -> 15.98904 | G22: 16.7 | H22: 15.7 | I22: =H22+(G22-H22)/2+(G22-H22)/2/SQRT(5) -> 16.423607 | J22: =H22+(G22-H22)/2-(G22-H22)/2/SQRT(5) -> 15.976393 | L22: =A22 -> 20 | M22: =Berekening!L24 -> 0.7 | N22: =Berekening!$B$35 -> 0.48 | O22: =Berekening!$B$36 -> 1.0152 | P22: =Berekening!$B$37 -> 0
L24: Hier spreken we over gemiddelden van steekproeven n = 5
L25: die dien je te vergelijken met de UCL/LCL (control limits)
A40: nummer | B40: waarde | C40: gemiddelde | E40: Norm verdeling | G40: USL | H40: LSL | L40: Hier hebben we alle waarden van de dataset,
A41: 1 | B41: 15.8 | C41: =AVERAGE($B$41:$B$140) -> 16.266 | D41: 15.4 | E41: =NORMDIST(D41,$B$142,$B$143,FALSE)*10 -> 0.0020369927 | G41: =Berekening!$B$41 -> 16.7 | H41: =Berekening!$B$40 -> 15.7 | L41: die kun je vergelijken met USL/LSL (specification limits)
A42: 2 | B42: 16.3 | C42: =AVERAGE($B$41:$B$140) -> 16.266 | D42: =D41+(17-D$41)/99 -> 15.416162 | E42: =NORMDIST(D42,$B$142,$B$143,FALSE)*10 -> 0.0028601524 | G42: =Berekening!$B$41 -> 16.7 | H42: =Berekening!$B$40 -> 15.7
A43: 3 | B43: 16.1 | C43: =AVERAGE($B$41:$B$140) -> 16.266 | D43: =D42+(17-D$41)/99 -> 15.432323 | E43: =NORMDIST(D43,$B$142,$B$143,FALSE)*10 -> 0.0039903604 | G43: =Berekening!$B$41 -> 16.7 | H43: =Berekening!$B$40 -> 15.7
A44: 4 | B44: 16.3 | C44: =AVERAGE($B$41:$B$140) -> 16.266 | D44: =D43+(17-D$41)/99 -> 15.448485 | E44: =NORMDIST(D44,$B$142,$B$143,FALSE)*10 -> 0.0055316964 | G44: =Berekening!$B$41 -> 16.7 | H44: =Berekening!$B$40 -> 15.7
A45: 5 | B45: 16.1 | C45: =AVERAGE($B$41:$B$140) -> 16.266 | D45: =D44+(17-D$41)/99 -> 15.464646 | E45: =NORMDIST(D45,$B$142,$B$143,FALSE)*10 -> 0.0076195235 | G45: =Berekening!$B$41 -> 16.7 | H45: =Berekening!$B$40 -> 15.7
A46: 6 | B46: 16.1 | C46: =AVERAGE($B$41:$B$140) -> 16.266 | D46: =D45+(17-D$41)/99 -> 15.480808 | E46: =NORMDIST(D46,$B$142,$B$143,FALSE)*10 -> 0.010428469 | G46: =Berekening!$B$41 -> 16.7 | H46: =Berekening!$B$40 -> 15.7
A47: 7 | B47: 16.2 | C47: =AVERAGE($B$41:$B$140) -> 16.266 | D47: =D46+(17-D$41)/99 -> 15.49697 | E47: =NORMDIST(D47,$B$142,$B$143,FALSE)*10 -> 0.01418197 | G47: =Berekening!$B$41 -> 16.7 | H47: =Berekening!$B$40 -> 15.7
A48: 8 | B48: 16.3 | C48: =AVERAGE($B$41:$B$140) -> 16.266 | D48: =D47+(17-D$41)/99 -> 15.513131 | E48: =NORMDIST(D48,$B$142,$B$143,FALSE)*10 -> 0.019163543 | G48: =Berekening!$B$41 -> 16.7 | H48: =Berekening!$B$40 -> 15.7
A49: 9 | B49: 16.6 | C49: =AVERAGE($B$41:$B$140) -> 16.266 | D49: =D48+(17-D$41)/99 -> 15.529293 | E49: =NORMDIST(D49,$B$142,$B$143,FALSE)*10 -> 0.025729914 | G49: =Berekening!$B$41 -> 16.7 | H49: =Berekening!$B$40 -> 15.7
A50: 10 | B50: 16.2 | C50: =AVERAGE($B$41:$B$140) -> 16.266 | D50: =D49+(17-D$41)/99 -> 15.545455 | E50: =NORMDIST(D50,$B$142,$B$143,FALSE)*10 -> 0.034326073 | G50: =Berekening!$B$41 -> 16.7 | H50: =Berekening!$B$40 -> 15.7
A51: 11 | B51: 15.9 | C51: =AVERAGE($B$41:$B$140) -> 16.266 | D51: =D50+(17-D$41)/99 -> 15.561616 | E51: =NORMDIST(D51,$B$142,$B$143,FALSE)*10 -> 0.045502281 | G51: =Berekening!$B$41 -> 16.7 | H51: =Berekening!$B$40 -> 15.7
A52: 12 | B52: 16.4 | C52: =AVERAGE($B$41:$B$140) -> 16.266 | D52: =D51+(17-D$41)/99 -> 15.577778 | E52: =NORMDIST(D52,$B$142,$B$143,FALSE)*10 -> 0.059932925 | G52: =Berekening!$B$41 -> 16.7 | H52: =Berekening!$B$40 -> 15.7
A53: 13 | B53: 16.5 | C53: =AVERAGE($B$41:$B$140) -> 16.266 | D53: =D52+(17-D$41)/99 -> 15.593939 | E53: =NORMDIST(D53,$B$142,$B$143,FALSE)*10 -> 0.078437012 | G53: =Berekening!$B$41 -> 16.7 | H53: =Berekening!$B$40 -> 15.7
... A140: 100 | B140: 15.8 | C140: =AVERAGE($B$41:$B$140) -> 16.266 | D140: =D139+(17-D$41)/99 -> 17 | E140: =NORMDIST(D140,$B$142,$B$143,FALSE)*10 -> 0.027014725 | G140: =Berekening!$B$41 -> 16.7 | H140: =Berekening!$B$40 -> 15.7
A142: Gemiddelde | B142: =AVERAGE(B41:B140) -> 16.266
A143: Stdev | B143: =STDEV(B41:B140) -> 0.20212008
